{"prompt": "In welche GHG-Scopes fallen die Emissionen von Software?", "response": "In Scope 2 und Scope 3."}
{"prompt": "Was deckt Scope 2 bei Software ab?", "response": "Den Energieverbrauch der zugrunde liegenden Hardware."}
{"prompt": "Was deckt der vorgelagerte Scope 3 bei Software ab?", "response": "Die Miete oder den Kauf von Hardware."}
{"prompt": "Was deckt der nachgelagerte Scope 3 bei Software ab?", "response": "Die Nutzung durch den Kunden."}
{"prompt": "Wie viel CO2 verursacht WordPress im nachgelagerten Scope 3?", "response": "226.268,64 kg CO2 - bei 50 MB Software und über 474 Millionen Nutzern."}
{"prompt": "Enthalten GHG-Scope-Modelle Doppelzählungen?", "response": "Ja, und zwar per Design."}
{"prompt": "Wessen Scope 1 ist mein Scope 2?", "response": "Der Scope 1 des Energieversorgers bzw. Vorlieferanten ist dein Scope 2."}
{"prompt": "Was passiert mit dem Scope 3 eines anderen Unternehmens?", "response": "Der Scope 3 eines anderen ist ebenfalls dein Scope 3."}
{"prompt": "Was ist die Idee hinter der Doppelzählung im GHG-Protokoll?", "response": "Eine geteilte Verantwortung (shared responsibility)."}
{"prompt": "Welche Scopes sind bei großen ICT-Playern dominant?", "response": "Scope 3 macht bei großen Tech-Unternehmen den größten Anteil der Emissionen aus."}
{"prompt": "Was prognostiziert die IEA für den Energieverbrauch von KI bis 2030?", "response": "KI wird den derzeitigen Verbrauch aller Server weltweit um zusätzliche 100 % erhöhen."}
{"prompt": "Sind bislang Netto-Einsparungen durch KI sichtbar?", "response": "Nein, bislang sind keine Netto-Einsparungen durch KI sichtbar."}
{"prompt": "Welcher IEA-Report behandelt KI und Energie?", "response": "IEA (2025), 'Energy and AI', IEA, Paris - lizenziert unter CC BY 4.0."}
{"prompt": "Wer hat die Studie zum Internet-Stromverbrauch 2030 verfasst?", "response": "Anders Andrae, veröffentlicht bei PISRT ('New perspectives on internet electricity use in 2030')."}
{"prompt": "Hatten wir schon vor der KI-Welle genug grüne Energie für die IKT?", "response": "Nein - schon die Prä-KI-Daten von 2020 zeigen, dass nicht genug grüne Energie vorhanden ist."}
{"prompt": "Wie entwickeln sich die Emissionen von KI-Modellen?", "response": "Sie steigen exponentiell an, laut Stanford AI Index Report 2025."}
{"prompt": "Welcher Report dokumentiert den Emissionsanstieg von KI-Modellen?", "response": "Der Stanford AI Index Report 2025."}
{"prompt": "Wie stehen Hyperscaler-Ziele und tatsächliche Emissionen zueinander?", "response": "Sie gehen weit auseinander - die tatsächlichen Emissionen liegen deutlich über den Zielen."}
{"prompt": "Wie viel Energie verbrauchen die Rechenzentren der Allianz?", "response": "325.000 GJ, also rund 90 GWh."}
{"prompt": "Wie viel CO2e entsprechen die Rechenzentren der Allianz?", "response": "Rund 45 kTonnen CO2e."}
{"prompt": "Welchen Anteil am Gesamtenergieverbrauch haben die Rechenzentren der Allianz?", "response": "16 % des gesamten Energieverbrauchs."}
{"prompt": "Wie hoch ist die Marktkapitalisierung der Allianz laut Knowledgebase?", "response": "93,73 Milliarden EUR."}
{"prompt": "Wie viel des Stromverbrauchs am LVM-Standort geht auf das Rechenzentrum?", "response": "Alleine 30 % des Stromverbrauchs."}
{"prompt": "Was zählt bei der LVM nicht mehr als nachhaltige Maßnahme?", "response": "Ein grüner Stromvertrag."}
{"prompt": "Welche guten Ansätze verfolgt die LVM?", "response": "Nachhaltige Beschaffung, Energiemonitoring im Rechenzentrum und Aufklärung der Mitarbeiter."}
{"prompt": "Was fehlt in der LVM-Betrachtung des IT-Stromverbrauchs?", "response": "Die IT der Mitarbeiter und externe IT wie Cloud / SaaS werden nicht genannt."}
{"prompt": "Aus welchem Jahr stammen die Nachhaltigkeitsdaten der Finanz Informatik?", "response": "Aus dem Nachhaltigkeitsbericht 2023."}
{"prompt": "Was bewertet der Data Center Air Pollution Tracker?", "response": "Wie sauber acht große Tech- und KI-Unternehmen ihre US-Rechenzentren betreiben."}
{"prompt": "Welche Skala nutzt die Data-Center-Air-Pollution-Scorecard?", "response": "Eine Skala von 0 bis 100, wobei 100 vollständig saubere Energie bedeutet."}
{"prompt": "Welche zwei Faktoren fließen in die Data-Center-Scorecard ein?", "response": "Der Anteil an Gaskraftwerken vor Ort (Behind-the-Meter Gas) und die CO2-Intensität des lokalen Stromnetzes - je zu 50 %."}
{"prompt": "Welche Spannweite der CO2-Intensität zeigt der Data Center Air Pollution Tracker?", "response": "Von 200 lbs CO2/MWh bei sauberem Netz bis 1.000 lbs CO2/MWh bei stark fossilem Netz."}
{"prompt": "Welche Schadstoffe entstehen neben CO2 bei der Verbrennung fossiler Energie für Rechenzentren?", "response": "Quecksilber, Schwefeldioxid und Feinstaub - gesundheitsschädlich für Anwohner."}
{"prompt": "Auf welcher Datenbasis beruht der Data Center Air Pollution Tracker?", "response": "Auf der Cleanview-Datenbank für Rechenzentren und den EPA-eGrid-Emissionsdaten."}
{"prompt": "Wer verwendet die Methodik des Data Center Air Pollution Trackers?", "response": "Unter anderem die Financial Times, The Guardian und die Vereinten Nationen."}
{"prompt": "Unter welcher URL findet man den Data Center Air Pollution Tracker?", "response": "https://www.datacenterairpollution.com/"}
{"prompt": "Was ist Green By IT?", "response": "Der Einsatz von IT zur Verbesserung anderer Prozesse - z.B. Smart Grids, Gebäudeautomation, EMIS oder KI-optimierte physische Prozesse wie Landwirtschaft."}
{"prompt": "Was ist Green IT?", "response": "Green IT macht die IKT selbst nachhaltiger - z.B. modulares Hardware-Design, recycelbare Hardware und energie- und ressourceneffiziente Hardware."}
{"prompt": "Was ist Green Coding?", "response": "Die Nachhaltigkeit der Software selbst: Algorithmik, Datenhaltung, Architektur, Anzahl der Dev-Umgebungen sowie die Nutzung von Hardware-Features wie Suspend Modes, C-States oder Parallel Vector Registers."}
{"prompt": "Funktionieren Green IT und Green Coding unabhängig voneinander?", "response": "Ja, sie können isoliert wirken - am besten funktionieren sie jedoch in Kombination."}
{"prompt": "Wie definiert der Brundtland-Report nachhaltige Entwicklung?", "response": "Als die Fähigkeit, die heutigen Bedürfnisse zu decken, ohne die Fähigkeit künftiger Generationen zu gefährden, ihre eigenen Bedürfnisse zu decken."}
{"prompt": "Von welcher Organisation stammt die im Vortrag genutzte Nachhaltigkeitsdefinition?", "response": "Von den Vereinten Nationen - dem Brundtland-Report und den UN-SDGs."}
{"prompt": "Wie lautet das allgemeine Verständnis von Nachhaltigkeit?", "response": "Die Fähigkeit eines Systems, sich schneller wieder aufzufüllen als es verbraucht oder geschädigt wird."}
{"prompt": "Welche sechs Konzepte umfasst Green Coding?", "response": "Energy Efficiency, Hardware Efficiency, Specialized carbon saving techniques, Responsibility, Transparency und Actionability."}
{"prompt": "Was bedeutet Energy Efficiency im Green Coding?", "response": "Code weniger Energie verbrauchen lassen - durch KI, Algorithmen, Code-Effizienz, Auto-Scaling-Infrastruktur und Green Best Practices."}
{"prompt": "Was bedeutet Hardware Efficiency im Green Coding?", "response": "Aktuelle Software so zu gestalten, dass sie länger auf älterer Hardware läuft."}
{"prompt": "Was bedeutet Responsibility im Green-Coding-Kontext?", "response": "Emissionen werden von denen reduziert, die sie verursachen - nicht über den Service-Provider oder Offsetting."}
{"prompt": "Was bedeutet Transparency im Green Coding?", "response": "Ressourcenverbrauch messen und darüber kommunizieren bzw. berichten."}
{"prompt": "Was bedeutet Actionability im Green Coding?", "response": "Einen klimafokussierten KPI schaffen - gCO2e pro X."}
{"prompt": "Was ist mit 'Specialized carbon saving techniques' gemeint?", "response": "Carbon Aware Computing, also Techniken die gezielt den CO2-Ausstoß statt nur die Energie senken."}
{"prompt": "Warum optimiert man Software statt Hardware?", "response": "Wegen Root Cause, Context, Multiplication Factor und der höheren Ineffizienz von Software."}
{"prompt": "Warum ist Software die Root Cause bei Emissionen?", "response": "Weil Business Cases, Workloads und Nutzerbedürfnisse überhaupt erst der Grund sind, warum wir Software erstellen."}
{"prompt": "Was besagt das Context-Argument für Software-Optimierung?", "response": "Hardware existiert nur, um Software-Bedürfnisse zu erfüllen - ohne diesen Kontext ist keine zielgerichtete Optimierung möglich."}
{"prompt": "Was ist der Multiplication Factor bei Software-Optimierung?", "response": "Software lässt sich viel leichter optimieren und auf tausende Instanzen ausrollen."}
{"prompt": "Was besagt Wirth's Law?", "response": "Software wird schneller langsamer, als Hardware schneller wird."}
{"prompt": "Woher kommen Software-Emissionen im Component-Drilldown?", "response": "Von Servern, End-User-Devices (Computer, Mobile, Screens), Rechenzentren und Netzwerkinfrastruktur."}
{"prompt": "Welche Domänen unterscheidet man bei Software-Emissionen?", "response": "Energieverbrauch in der Nutzungsphase, Embodied Emissions und End-of-Life bzw. Recycling."}
{"prompt": "Welche Umweltwirkungen gehören neben CO2 zu Embodied Emissions?", "response": "Wasserverbrauch, Landnutzung, toxische Metalle und viele weitere."}
{"prompt": "Welche sechs Schritte hat ein Life-Cycle-Assessment?", "response": "Material acquisition/pre-production, Design/Development, Production, Delivery, Use und End of life."}
{"prompt": "Worauf wird 'Material acquisition and pre-production' bei Software abgebildet?", "response": "Auf Bibliotheken und Open Source."}
{"prompt": "Worauf wird die LCA-Phase 'Design/Development' bei Software abgebildet?", "response": "Auf die Software-Architektur."}
{"prompt": "Worauf wird die LCA-Phase 'Production' bei Software abgebildet?", "response": "Auf Entwicklung und Programmierung."}
{"prompt": "Worauf wird die LCA-Phase 'Delivery' bei Software abgebildet?", "response": "Auf Distributionsnetzwerke wie CDNs, Cloudflare, Akamai oder GitHub."}
{"prompt": "Worauf wird die LCA-Phase 'Use' bei Software abgebildet?", "response": "Auf die tatsächliche Programmausführung."}
{"prompt": "Worauf wird die LCA-Phase 'End of life' bei Software abgebildet?", "response": "Auf die Deinstallation."}
{"prompt": "Nenne ein Beispiel, wie eine Optimierung nach hinten losgehen kann.", "response": "Caching reduziert CPU-Zeit, erhöht aber durch zusätzliche Datenhaltung und Replikation Hardware und Energie - der CO2-Fußabdruck steigt."}
{"prompt": "Warum kann Dark Mode auf OLED-Displays den Verbrauch erhöhen?", "response": "Weil Nutzer die Display-Helligkeit hochdrehen - netto steigt der Verbrauch."}
{"prompt": "Warum kann Lazy Loading auf einer Webseite netto mehr verbrauchen?", "response": "Weil 60 % des Traffics Bots waren, die ohnehin bis zum Seitenende scrollen."}
{"prompt": "Was passiert energetisch beim Parallelisieren eines Workloads?", "response": "Doppelte Geschwindigkeit, aber auch doppelte Energie."}
{"prompt": "Warum sind zusätzliche Server für Peak Demand problematisch?", "response": "Sie erzeugen zusätzliche Emissionen durch die zusätzliche Hardware."}
{"prompt": "Was ist ein Rebound-Effekt?", "response": "Ein Effizienzgewinn wird durch erhöhten Verbrauch wieder negiert."}
{"prompt": "Wie grenzt sich Green Coding von Performance Engineering ab?", "response": "Green Coding berücksichtigt Off-Loading und Rebound-Effekte - schneller ist nicht automatisch energieärmer."}
{"prompt": "Was ist Carbon Tunnel Vision?", "response": "Der verengte Blick allein auf CO2, der andere Umweltwirkungen von IKT ausblendet."}
{"prompt": "Welche Frage stellt das gzip-Kompressionsbeispiel?", "response": "Ob der Vorteil geringerer Netzwerkübertragung die Rechenkosten der Kompression aufwiegt."}
{"prompt": "Was braucht man, um die gzip-Energiefrage zu beantworten?", "response": "Eine Beispieldatei (Text), ein Tool zum Komprimieren/Dekomprimieren (gzip) und eine Berechnung der Compute-Kosten (perf / codecarbon)."}
{"prompt": "Wie viele Daten werden im gzip-Beispiel unkomprimiert übertragen?", "response": "Rund 626 kB."}
{"prompt": "Wie viele Daten werden im gzip-Beispiel komprimiert übertragen?", "response": "Rund 142 kB."}
{"prompt": "Wie viel Daten spart gzip im Beispiel ein?", "response": "Rund 484 kB, was etwa 19,87 mWh entspricht."}
{"prompt": "Wie viel Energie kostet das Komprimieren und Dekomprimieren im gzip-Beispiel?", "response": "0,36 Joule, also rund 0,10 mWh."}
{"prompt": "Wie hoch ist die Netto-Ersparnis im gzip-Beispiel?", "response": "Rund 19,77 mWh."}
{"prompt": "Spart Kompression also Energie?", "response": "Ja - im gezeigten Beispiel überwiegt die Netzwerkeinsparung den Compute-Aufwand deutlich."}
{"prompt": "Welche Art von CO2-Aussagen will Green Coding ermöglichen?", "response": "Zum Beispiel: 'Mein Python-Code verbraucht XXX kg CO2 pro Jahr' oder 'Eine Anfrage an unser KI-Modell kostet XX g CO2'."}
{"prompt": "Nenne ein Beispiel für einen standortabhängigen CO2-Claim.", "response": "'Meine GitLab-Pipeline braucht XX gCO2 pro Lauf in Berlin, aber nur YY gCO2 in Paris.'"}
{"prompt": "Wie kann man arbiträre Software-Produkte vergleichbar machen?", "response": "Über Nutzungs-Szenarien bzw. Use-Cases, z.B. WhatsApp vs. Telegram pro Szenario."}
{"prompt": "Welche Vorteile hat mehrdimensionale Nachhaltigkeitskommunikation?", "response": "Neben CO2-Einsparung auch Kostenersparnis, Resilienz durch schlankere Deployments und besseres Code-Verständnis."}
{"prompt": "Warum ist Green Coding ein AI Enabler?", "response": "Weil nicht genug Energie vorhanden ist - Green Coding ermöglicht schlankere Modelle mit geringeren Anforderungen und schnellerer Inferenz."}
{"prompt": "Welche vier Dimensionen hat Sustainable AI?", "response": "Environmental, Social, Governance und Economic."}
{"prompt": "Was umfasst die Environmental-Dimension von Sustainable AI?", "response": "Die Minimierung der ökologischen Auswirkungen von KI-Systemen, inklusive Energieverbrauch und Ressourcennutzung."}
{"prompt": "Was umfasst die Social-Dimension von Sustainable AI?", "response": "Sicherzustellen, dass KI allen Teilen der Gesellschaft nutzt und Verzerrungen mindert, statt Ungleichheit zu verstärken."}
{"prompt": "Was umfasst die Governance-Dimension von Sustainable AI?", "response": "Klare ethische Leitlinien und Verantwortlichkeits-Frameworks für KI-Entwicklung und -Einsatz."}
{"prompt": "Was umfasst die Economic-Dimension von Sustainable AI?", "response": "Nachhaltige Geschäftsmodelle für KI, die auf langfristige Wertschöpfung und verantwortliche Ressourcennutzung ausgerichtet sind."}
{"prompt": "Wie startet man laut Green Coding Playbook?", "response": "Mit einer Übersicht auf CO2-Basis, z.B. mit dem Technology Carbon Standard: welche Workloads mit welchen Laufzeiten und Energien und welche Infrastruktur mit welchem Embodied Carbon."}
{"prompt": "Welche High-Level-Optimierungen nennt das Green Coding Playbook?", "response": "Obsolete und doppelte Workloads identifizieren, Zombie-Server finden, Dev-Umgebungen nachts und am Wochenende abschalten, Redundanzen konsolidieren, Data Retention anpassen und Right-Sizing der Hardware."}
{"prompt": "Was sind Zombie-Server?", "response": "Server, die laufen und Energie verbrauchen, aber keine produktive Last mehr tragen."}
{"prompt": "Welche Rolle spielt Messen im Green Coding Playbook?", "response": "Spezialisierte Tools in Workloads und Infrastruktur einbauen und CO2 als KPI mit eigener Metrik und eigenen Targets einführen."}
{"prompt": "Welche Software-Changes nennt das Green Coding Playbook?", "response": "Leerlaufzeiten reduzieren, Leerlauf optimieren, Architecture Overhead senken, Language Overhead reduzieren, Hot Code Paths identifizieren und Storage-Formate optimieren."}
{"prompt": "Wie reduziert man laut Playbook Leerlaufzeiten?", "response": "Durch Virtualisierung, Ausschalten und Dynamic Scaling."}
{"prompt": "Wie optimiert man laut Playbook den Leerlauf selbst?", "response": "Über Suspend, C-States und Power-Capping."}
{"prompt": "Welche Architektur-Trade-offs nennt das Playbook?", "response": "Postgres vs. simpler KV-Store, SQL vs. Time-Series, Monolith vs. Microservices und Async vs. Single-Thread."}
{"prompt": "Welche Sprach-Optimierungen nennt das Green Coding Playbook?", "response": "C-Extensions, WebAssembly und Language-Swaps."}
{"prompt": "Wie geht man laut Playbook mit Hot Code Paths um?", "response": "Repeated Work durch Caching ersetzen, Programmstruktur optimieren, Algorithmen tauschen und Batching statt Einzelverarbeitung nutzen."}
{"prompt": "Welche Rolle spielt Green Energy im Playbook?", "response": "Green Energy, Location-Shifting und Time-Shifting folgen nach der High-Level-Optimierung."}
{"prompt": "Wozu dient das Green Coding Playbook?", "response": "Als mentales Framework - den Rest erledigen die Tools."}
{"prompt": "Wie groß ist der Unterschied zwischen WordPress und HUGO?", "response": "Die Einsparung beträgt das 5-Fache pro Anfrage."}
{"prompt": "Was ist das Take-Away aus dem Hugo-vs-WordPress-Vergleich?", "response": "Design-Entscheidungen prägen das Energieprofil über die gesamte Lebensdauer der Anwendung."}
{"prompt": "Wie oft könnte man mit HUGO alle Seiten neu rendern und wäre noch sparsamer als WordPress?", "response": "Für jeden Besucher 5-mal alle Seiten - und man wäre trotzdem noch sparsamer."}
{"prompt": "Welche Fallstudie vergleicht dynamische und statische Webseiten?", "response": "Die Fallstudie WordPress vs. HUGO."}
{"prompt": "Was bietet Zoom auf seiner Startseite an?", "response": "Einen automatischen Download der Konferenzlösung."}
{"prompt": "Welche Alternative gibt es zum Zoom-Download?", "response": "Die Teilnahme direkt im Browser, ganz ohne Download."}
{"prompt": "Wie lange würde die Zoom-Änderung dauern?", "response": "Die Änderung wäre in 5 Minuten möglich."}
{"prompt": "Wie viel CO2 könnte Zoom durch geänderte Standardeinstellungen sparen?", "response": "Bis zu 13 Tonnen CO2 jährlich."}
{"prompt": "Welche Spiele hat das Xbox-Team analysiert?", "response": "Call of Duty, Halo und Fortnite."}
{"prompt": "Was war das unerwartete Ergebnis der Xbox-Analyse?", "response": "Nutzer verbringen mehr Zeit im Menü als im eigentlichen Spiel."}
{"prompt": "Wie viel Energie sparte Microsoft bei der Xbox ein?", "response": "15 % Reduktion ohne Performance-Einbußen."}
{"prompt": "Was war das Problem bei den Xbox-Menüs?", "response": "Es wurden 60 Frames gerendert, obwohl das Menü statisch war."}
{"prompt": "Wie viel Energie sparte die Xbox-Optimierung pro Nutzer und Jahr?", "response": "5,4 kWh pro Nutzer und Jahr."}
{"prompt": "Wie viele aktive Spieler betraf die Xbox-Optimierung?", "response": "Über 100.000 aktive Spieler - die Einsparung liegt damit im Kilotonnen-Bereich."}
{"prompt": "Was ist das Fazit der Xbox-Case-Study?", "response": "Optimierungen außerhalb der High-Performance-Komponenten mitbetrachten - Energie zählt, nicht Leistung."}
{"prompt": "Wie viele Testdateien hat Firefox laut der Mozilla-Case-Study?", "response": "Rund 85.000 Testdateien."}
{"prompt": "Wie viele Konfigurationen und Commits hat Firefox pro Tag?", "response": "90 Konfigurationen und rund 300 Commits pro Tag."}
{"prompt": "Wie hoch wäre das theoretische Maximum an Firefox-Testläufen pro Tag?", "response": "2,3 Milliarden Testläufe pro Tag - etwa 10 Compute-Jahre pro Tag."}
{"prompt": "Welches ML-Modell nutzt Mozilla zur Testauswahl?", "response": "Ein XGBoost-Modell."}
{"prompt": "Worauf wurde das Mozilla-Testauswahlmodell trainiert?", "response": "Auf historischen Regressionsdaten: Dateipfade, VCS-Historie und Fehlermuster."}
{"prompt": "Wie optimiert Mozilla die Testkonfigurationen?", "response": "Durch Frequent-Itemset-Mining."}
{"prompt": "Wie viel weniger Test-Tasks erreicht Mozilla auf dem Integrationszweig?", "response": "70 % weniger Test-Tasks gegenüber den bisherigen Heuristiken."}
{"prompt": "Wie viel weniger Test-Tasks erreicht Mozilla gegenüber einem vollständigen Testdurchlauf?", "response": "Rund 99 % weniger Test-Tasks."}
{"prompt": "Welchen Befehl nutzen Firefox-Entwickler statt manueller Testauswahl?", "response": "'mach try auto'."}
{"prompt": "Was ist das Green-Coding-Fazit der Mozilla-Case-Study?", "response": "Weniger Compute-Aufwand in CI/CD-Pipelines bedeutet direkte Energieeinsparung - ganz ohne Änderung am Produktionscode."}
{"prompt": "Wie groß ist der Unterschied zwischen Programmiersprachen im schlechtesten Fall?", "response": "Bis zu 75x."}
{"prompt": "Welche Studie zeigt die Energieunterschiede von Programmiersprachen?", "response": "Die Greenlab-Studie."}
{"prompt": "Welchen Unterschied nennt Microsoft für Programmiersprachen?", "response": "Einen Unterschied von 1,8x bis 3x."}
{"prompt": "Wie groß ist der SCI-Unterschied beim Routing von AI-Prompts?", "response": "Bis zu 10x Unterschied im SCI pro Query."}
{"prompt": "Wie kann man bei AI-Inferenz Emissionen sparen?", "response": "Durch intelligentes Routing der Prompts an das passende Modell."}
{"prompt": "Wie groß sind CLI-E-Mail-Clients im Vergleich zu GUI-Clients?", "response": "3-7 MB gegenüber rund 500 MB - bei im Wesentlichen gleicher Funktion."}
{"prompt": "Welche Aussage steht über dem Vergleich der E-Mail-Clients?", "response": "'No one got a promotion for removing a feature.'"}
{"prompt": "Wie viel Verbesserung bringt HTTP/2 gegenüber HTTP/1?", "response": "Bis zu 90 % Verbesserung."}
{"prompt": "Wie viel bringt br-Kompression gegenüber gzip?", "response": "Rund 30 % Verbesserung."}
{"prompt": "Wie viel bringt webP gegenüber png?", "response": "Rund 50 % Verbesserung."}
{"prompt": "Wo prüft man die Browser-Kompatibilität von Web-Optimierungen?", "response": "Auf caniuse.com."}
{"prompt": "Worauf muss man bei modernen Web-Standards achten?", "response": "Auf die Kompatibilität mit der eigenen Nutzergruppe."}
{"prompt": "Was ist die Empfehlung beim Einsatz von Web-Tools?", "response": "Performance- und Energie-Tools kombinieren."}
{"prompt": "Was ist Scale-to-Zero?", "response": "Eine Architektur, bei der Server ohne Last komplett abgeschaltet und bei eingehenden Anfragen wieder hochgefahren werden."}
{"prompt": "Wie viel Emissionen kann eine Scale-to-Zero-Architektur einsparen?", "response": "Bis zu 100 %."}
{"prompt": "Wo ist Dynamic Scaling oft noch nicht umgesetzt?", "response": "In Dev-Umgebungen - dort wo meist mehr verbraucht wird, sind noch Baustellen."}
{"prompt": "Wie geht man mit dem Overhead von Dynamic Scaling um?", "response": "Er kann oft auf bestehende Load Balancer umgelagert werden."}
{"prompt": "Welche Technologien nutzt man für Dynamic Scaling?", "response": "Kubernetes, Docker Swarm und ähnliche Orchestrierer."}
{"prompt": "Was ist Carbon Shifting?", "response": "Compute in Ort und Zeit an Stellen mit grünem Strom verlagern."}
{"prompt": "Welche zwei Arten von Carbon Shifting gibt es?", "response": "Time-Shifting und Location-Shifting."}
{"prompt": "Welche Anpassungsmöglichkeiten gibt es bei Dependencies?", "response": "Bibliotheks- bzw. Abhängigkeitsauswahl und Standard-Software-Empfehlungen."}
{"prompt": "Warum lohnt sich der Blick auf Dependencies?", "response": "Verschiedene Softwareprodukte für denselben Anwendungsfall können sehr unterschiedliche Energie- und CO2-Profile haben."}
{"prompt": "Warum sind Einsparungen bei Open Source Software besonders wirksam?", "response": "Wegen der Skalierungseffekte - selbst minimaler Aufwand kann massive Wirkung entfalten."}
{"prompt": "Was zeigt der Snocks-Fall?", "response": "Eine neue 'Sustainability'-Seite, die bei einem Websitecarbon-Check schlecht abschnitt - ein PR-Risiko für kundenseitige Digitalangebote."}
{"prompt": "Welche Optimierung steckt hinter 'Energiesparmodi ermöglichen'?", "response": "Software so bauen, dass sie keine unnötigen Wakeups erzeugt und das System in Energiesparmodi bleiben kann."}
{"prompt": "Welche Vorteile hat Nachhaltigkeit für Unternehmen?", "response": "Geringere Kosten, regulatorische Absicherung, Wettbewerbs- und Reputationsvorteile, bessere Performance und Vorteile beim Recruiting."}
{"prompt": "Welche Regulierungen erhöhen den Druck zur CO2-Transparenz?", "response": "CSRD, die EU-Taxonomie und Normen wie ISO/IEC 21031."}
{"prompt": "Wie viele junge Beschäftigte wünschen sich klimaaktive Arbeitgeber?", "response": "69 % der Beschäftigten zwischen 18 und 34 Jahren."}
{"prompt": "Wie viele Beschäftigte machen ihre Jobwahl vom Klimaengagement abhängig?", "response": "27 %."}
{"prompt": "Welche Quelle nennt die Zahlen zu Erwartungen von Beschäftigten?", "response": "Die Hans-Böckler-Stiftung - 'Erwartungen von Beschäftigten an die sozial-ökologische Transformation'."}
{"prompt": "Welchen Performance-Nebeneffekt hat optimierter Code?", "response": "Kürzere Ladezeiten, längere Gerätelebensdauer und eine bessere User Experience."}
{"prompt": "Wie konfiguriert man ein OS für reproduzierbare Energiemessungen?", "response": "CPU-Frequency-Scaling fixieren, TurboBoost und Hyper-Threading deaktivieren, Throttling abschalten, C-States begrenzen, feste Reservierungen für das OS setzen und Hintergrunddienste minimieren."}
{"prompt": "Wo fixiert man das CPU-Frequency-Scaling am besten?", "response": "Im BIOS, andernfalls über Kernel-Parameter oder einen systemd-Service."}
{"prompt": "Warum sollte man nicht einfach governor=performance setzen?", "response": "Weil dieser simple Governor keine ausreichend stabile Frequenz für reproduzierbare Messungen garantiert."}
{"prompt": "Mit welchem Kernel-Parameter deaktiviert man TurboBoost?", "response": "Mit intel_pstate=disable."}
{"prompt": "Mit welchen Kernel-Parametern begrenzt man die C-States?", "response": "Mit intel_idle.max_cstate=1 und processor.max_cstate=1."}
{"prompt": "Welche Throttlings sollte man für Messungen deaktivieren?", "response": "Thermal Throttling und Power Throttling (RAPL)."}
{"prompt": "Warum sollte man Hyper-Threading für Energiemessungen abschalten?", "response": "Um die Reproduzierbarkeit der Messungen zu erhöhen."}
{"prompt": "Welche Hintergrunddienste sollte man vor Messungen minimieren?", "response": "NTP, Logging, Indexing und ähnliche Dienste."}
{"prompt": "Was gehört vor einem Messlauf zu den Best Practices?", "response": "Eine stabile Baseline mit Accuracy-Control-Workloads, stabile Systemtemperatur durch Warmup/Cooldown, mehrere Läufe mit statistischen Daten und das Abschalten unnötiger Hintergrundprozesse."}
{"prompt": "Welche statistischen Daten sollte man bei Energiemessungen sammeln?", "response": "Mittelwert und Varianz über mehrere Läufe."}
{"prompt": "Warum braucht man eine Warmup- und Cooldown-Phase?", "response": "Um eine stabile Systemtemperatur sicherzustellen."}
{"prompt": "Was gehört während eines Messlaufs zu den Best Practices?", "response": "Feste Workloads ohne Nutzerinteraktion auf einem dedizierten System, das Loggen von Energie, CPU-Last, Disk-I/O und Netzwerk sowie synchronisierte Start- und End-Zeitstempel."}
{"prompt": "Warum sollte man bei Messungen Nutzerinteraktion vermeiden?", "response": "Weil sie die Reproduzierbarkeit des Workloads zerstört."}
{"prompt": "Was ist RAPL?", "response": "Running Average Power Limit - Energieregister auf modernen Intel- und AMD-CPUs, aktuell die meistgenutzte Messtechnologie."}
{"prompt": "Welche Domänen bietet RAPL?", "response": "CPU-Energie Package bzw. Kern (AMD), DRAM, integrierte GPU und PSYS."}
{"prompt": "Welche Auflösung hat RAPL?", "response": "1 ms bzw. 15,3 Mikrojoule."}
{"prompt": "Wie liest man RAPL aus?", "response": "Als PMU bzw. PMC."}
{"prompt": "Worauf basiert das RAPL-Softwaremodell?", "response": "Auf Spannungsreglern und weiteren internen Modellgrößen."}
{"prompt": "Ist RAPL eine direkte Messung?", "response": "Nein, es ist ein Softwaremodell auf Basis von Spannungsreglern etc."}
{"prompt": "Welche Geräteklassen gibt es für Energiemessung an der Steckdose?", "response": "Die Amazon-Version, eine leichte Industrie-Version und eine Labor-Version."}
{"prompt": "Was bedeutet Out-of-Band-Messung?", "response": "Messung außerhalb des Betriebssystems, z.B. an einer smarten PDU oder über den BMC via IPMI."}
{"prompt": "Was ist IPMI im Kontext von Energiemessung?", "response": "Eine Schnittstelle am BMC, über die sich Energiewerte out-of-band auslesen lassen."}
{"prompt": "Was ist der Vorteil von DC-Messungen mit Stromspiegeln?", "response": "Es sind die exaktesten Messungen und perfekt für kleine Ströme - allerdings sehr aufwändig."}
{"prompt": "Welchen Vorteil bietet der Stromspiegel-Ansatz?", "response": "Er arbeitet ohne Samplingverlust."}
{"prompt": "Wie misst man direkt am Mainboard?", "response": "Durch Auftrennen der ATX-Channels für den DC-Eingang ins Mainboard bzw. Direktanschluss an die Versorgungsleitung."}
{"prompt": "Wofür eignet sich die Direktmessung am Mainboard?", "response": "Für die Direktmessung kleiner Ströme."}
{"prompt": "Worauf basieren ML-Energie-Modelle?", "response": "Auf standardisierten Energiekurven von Servern."}
{"prompt": "Welche Datenquelle liefert standardisierte Server-Energiekurven?", "response": "SPECpower (spec.org/power_ssj2008/results)."}
{"prompt": "Nenne Serverbeispiele für standardisierte Energiekurven.", "response": "ASUSTeK RS720Q-E9-RS8 (2019), Dell PowerEdge R7725 und Dell PowerEdge R760."}
{"prompt": "Welche Datenquellen gibt es für Grid Intensity?", "response": "Electricitymaps, das Carbon-Aware-SDK, die Bundesnetzagentur über SMARD und WattTime."}
{"prompt": "Welche deutsche Behörde liefert Strommarktdaten?", "response": "Die Bundesnetzagentur über https://www.smard.de/home."}
{"prompt": "Wer betreibt das Carbon-Aware-SDK?", "response": "Die Green Software Foundation."}
{"prompt": "Woraus entstehen Emissionen aus der Stromerzeugung?", "response": "Aus dem Erzeugungsmix des Netzes - abbildbar über die Grid Intensity via offene Daten-APIs."}
{"prompt": "Welche Datenbanken liefern Embodied Carbon?", "response": "Boavizta, Microsoft, Dell-Beispieldaten und Ademe, das freie europäische Dataset."}
{"prompt": "Was ist Boavizta?", "response": "Eine Life-Cycle-Assessment-Datenbank mit Herstellerdaten für Embodied Carbon."}
{"prompt": "Was ist Ademe im Kontext Embodied Carbon?", "response": "Ein freies europäisches Dataset für Life-Cycle-Assessment-Daten."}
{"prompt": "Was sind Embodied Emissions?", "response": "Gebundene Emissionen, die bei Herstellung und Entsorgung eines Geräts entstehen - unabhängig vom Betrieb."}
{"prompt": "Wie vergleichen sich Embodied Emissions bei Server- und Anwendergeräten?", "response": "Sie unterscheiden sich deutlich - bei Endgeräten wie Smartphones dominiert der Embodied-Anteil oft gegenüber dem Betrieb."}
{"prompt": "Ist Netzwerkenergie im SCI enthalten?", "response": "Nein, Netzwerkenergie ist im SCI nicht per Definition enthalten."}
{"prompt": "Welchen Wert nutzt Green Coding Solutions für Netzwerkenergie?", "response": "0,04106063 kWh pro GB."}
{"prompt": "Wie wird Netzwerkenergie geschätzt?", "response": "Über die übertragene Datenmenge oder die Nutzungsdauer."}
{"prompt": "Wie stark beeinflusst das Scoping die Netzwerk-Emissionen?", "response": "Sehr stark - es kann zu einem Faktor 10 Unterschied führen."}
{"prompt": "Warum ist die Netzwerkschätzung für Accounting schlecht, für Optimierung aber gut?", "response": "Weil die Absolutwerte unsicher sind, die Proportionalität aber Optimierungen gut sichtbar macht."}
{"prompt": "Gibt es Embodied Carbon bei der Downstream-Netzwerkbetrachtung?", "response": "Nein, laut GHG fällt bei der Downstream-Betrachtung kein Embodied Carbon an."}
{"prompt": "Wie viel Strom verbrauchten globale Datenübertragungsnetze 2022?", "response": "Rund 260-360 TWh, also etwa 1-1,5 % des weltweiten Stromverbrauchs."}
{"prompt": "Wie verhält sich der Netzwerkverbrauch zum Verbrauch aller Rechenzentren?", "response": "Er ist praktisch genauso hoch wie der aller Rechenzentren zusammen."}
{"prompt": "Was ist das Sustainable Web Design Model?", "response": "Ein Modell (umgesetzt in co2.js), das CO2-Emissionen digitaler Dienste aus der Netzwerkübertragung ableitet."}
{"prompt": "Welche Bibliothek implementiert das Sustainable Web Design Model?", "response": "co2.js."}
{"prompt": "Wie lautet die Blaue-Engel-Kennung für Software?", "response": "DE-UZ 215 - Ressourcen- und energieeffiziente Softwareprodukte."}
{"prompt": "Mit wem wurde der Blaue Engel für Software entwickelt?", "response": "In Zusammenarbeit mit Hochschulen und Forschungseinrichtungen in Deutschland."}
{"prompt": "Welche Hardware-Anforderung stellt der Blaue Engel für Software?", "response": "Die Software muss auf älterer Hardware betrieben werden können."}
{"prompt": "Welche Verfügbarkeitsanforderung stellt der Blaue Engel?", "response": "Die Anwendung muss entweder Open Source sein oder nach Support-Ende weiterhin verfügbar bleiben."}
{"prompt": "Welche Grenze setzt der Blaue Engel bei Updates?", "response": "Die Anwendung darf bei Aktualisierungen nicht mehr als 10 % mehr Energie verbrauchen."}
{"prompt": "Was ist der Blaue Engel?", "response": "Das renommierte deutsche Umweltzeichen - für Software als DE-UZ 215."}
{"prompt": "Worauf fokussiert die ISO-14000-Familie?", "response": "Auf Life-Cycle-Assessment."}
{"prompt": "Was liefert ISO 14067?", "response": "Ein Framework, um Software in Phasen zu betrachten."}
{"prompt": "Welche Rolle spielt das GHG Protocol neben ISO 14001?", "response": "Es liefert den Ausführungsstandard."}
{"prompt": "Was ist das Ergebnis von ISO 14001 plus GHG Protocol?", "response": "Ein Life-Cycle-Assessment für ein digitales Produkt - mit international akkreditierter Methodik, zertifizierbar z.B. durch die Dekra."}
{"prompt": "Wie lautet die SCI-Formel?", "response": "SCI = (E * I) + M per R."}
{"prompt": "Wofür steht E in der SCI-Formel?", "response": "Für den Energieverbrauch in Kilowattstunden der verschiedenen Komponenten wie CPU/GPU, Storage, Memory und Netzwerk."}
{"prompt": "Wofür steht I in der SCI-Formel?", "response": "Für die Emissionsfaktoren."}
{"prompt": "Wofür steht M in der SCI-Formel?", "response": "Für die Embodied Emissions, z.B. von Servern, Mobilgeräten und Laptops."}
{"prompt": "Wofür steht R in der SCI-Formel?", "response": "Für die Unit of Work bzw. den Use-Case."}
{"prompt": "Welche ISO-Norm ist der SCI?", "response": "ISO/IEC 21031:2024."}
{"prompt": "Wer hat den SCI entwickelt?", "response": "Die Green Software Foundation."}
{"prompt": "Wie verbreitet ist der SCI?", "response": "Er ist die am weitesten verbreitete Methodologie."}
{"prompt": "Was ist der Technology Carbon Standard?", "response": "Ein Standard von Scott Logic, zu finden unter https://www.techcarbonstandard.org/"}
{"prompt": "Wozu dient die GSF Maturity Matrix?", "response": "Um die Reife des eigenen Unternehmens im Bereich Green IT zu bewerten."}
{"prompt": "Wovon hängt die Wahl eines Labels oder Zertifikats ab?", "response": "Von der Absicht - Marketing, Accounting oder Regulierung."}
{"prompt": "Was ist das Green Metrics Tool?", "response": "Ein Open-Source-Tool von Green Coding Solutions zur Messung von Energie und CO2 von Software - SCI- und Blauer-Engel-konform."}
{"prompt": "Wie benchmarkt das Green Metrics Tool Software?", "response": "Über Standard-Usage-Scenarios auf akademischer Basis via UCB und Öko-Institut e.V."}
{"prompt": "Welche Phasen betrachtet das Green Metrics Tool?", "response": "Alle Phasen der Ausführung - Building, Idle, Runtime und weitere."}
{"prompt": "Welche Standards unterstützt das Green Metrics Tool?", "response": "Den SCI der Green Software Foundation und den Blauen Engel."}
{"prompt": "Welchen Messansatz verfolgt das Green Metrics Tool?", "response": "Einen containerisierten und isolierten Ansatz mit individuellen Metriken je Container."}
{"prompt": "Welche Vorteile hat der containerisierte Messansatz des GMT?", "response": "Natives Verständnis der Modularität von Anwendungen, getrennte Messungen, Cleaning des Systems, Reproduzierbarkeit und Energiestabilität."}
{"prompt": "Warum denkt der Blaue Engel in Phasen?", "response": "Weil er ein anderes Paradigma verfolgt als das reine Performance Engineering einzelner Code-Blöcke."}
{"prompt": "Wie sorgt das GMT für Energiestabilität?", "response": "Über Temperaturkontrolle und Control Workloads."}
{"prompt": "Welche Vorteile bietet das GMT für Entwickler?", "response": "Gezielte Einsparempfehlungen, Sichtbarkeit von Dependency-Impacts, schmerzfreie Messung über CI/CD, Lebenszyklus-Betrachtung und Green Gates."}
{"prompt": "Was sind Green Gates?", "response": "Gates in der CI/CD-Pipeline, die Optimierungshinweise geben und verhindern, dass Software energetisch schlechter wird."}
{"prompt": "Wie hilft das GMT bei Dependencies?", "response": "Es macht 'low efficiency'-Pakete in den eigenen Abhängigkeiten sichtbar."}
{"prompt": "Welche Advanced Features hat das Green Metrics Tool?", "response": "Langzeitanalyse zum Aufspüren von Energie-Anomalien und Green Gates mit Optimierungshinweisen."}
{"prompt": "Was zeigt die Timeline-View des Green Metrics Tool?", "response": "Messungen pro Commit über die Zeit - damit lassen sich Anomalien erkennen."}
{"prompt": "Welche Vergleiche erlaubt das Green Metrics Tool?", "response": "Vergleiche zwischen Hardware, Repositories, Branches und mehr."}
{"prompt": "Welche zwei Anwendungen werden in der GMT-Timeline-View verglichen?", "response": "Nextcloud und WordPress."}
{"prompt": "Was ist besonders am GMT-Datenfluss?", "response": "Er nutzt bestehende Infrastructure as Code (IaC) wieder, was Setup und Integration erleichtert."}
{"prompt": "Bringt das Green Metrics Tool Beispiele mit?", "response": "Ja, es kommt mit vielen Example Applications für den Einstieg."}
{"prompt": "Welche Server nutzt der Green-Metrics-Tool-Cluster?", "response": "Blauer-Engel-kompatible Server, die 5 Jahre oder älter sind."}
{"prompt": "Nutzt der GMT-Cluster Hypervisor-Virtualisierung?", "response": "Nein - dadurch ist keine Ko-Attribuierung nötig, da keine anderen Tenants auf dem System laufen."}
{"prompt": "Welche Auflösung haben die Messgeräte des GMT-Clusters?", "response": "Externe hochauflösende Energie-Messgeräte mit unter 20 ms."}
{"prompt": "Welche Standardabweichung erreicht der GMT-Cluster?", "response": "Eine kontrollierte Standardabweichung unter 1 %."}
{"prompt": "Welche Anwendungstypen unterstützt der GMT-Cluster?", "response": "Linux und Windows - KI, GUI, CLI und Web."}
{"prompt": "Welche Testarten unterstützt der GMT-Cluster?", "response": "Langzeit-Tests und Szenario-Tests."}
{"prompt": "Wo findet man die Status-Seite des GMT-Clusters?", "response": "Unter https://metrics.green-coding.io/status.html"}
{"prompt": "Wo findet man Details zum Messcluster?", "response": "Unter https://docs.green-coding.io/docs/measuring/measurement-cluster/"}
{"prompt": "Was ist Carbon DB?", "response": "Ein Tool, das alle CO2-Emissionen einer Organisation aggregiert und clustert."}
{"prompt": "Welche Features bietet Carbon DB?", "response": "Tags für detaillierte Analysen, Aggregation über alle Maschinen, ein einfaches Dashboard, Export für Reporting und einfachen API-Zugriff."}
{"prompt": "In welche Formate exportiert Carbon DB?", "response": "Nach CSV, Excel und ähnliche Formate."}
{"prompt": "Wo findet man die Carbon-DB-Live-Demo?", "response": "Unter https://metrics.green-coding.io/carbondb.html"}
{"prompt": "Was ist Eco-CI?", "response": "Ein Tool zur Energie-Schätzung in CI/CD-Pipelines."}
{"prompt": "In welche Systeme integriert sich Eco-CI?", "response": "Direkt in GitHub und GitLab - und es unterstützt alle gängigen CI/CD-Systeme."}
{"prompt": "Welche Features bietet Eco-CI?", "response": "Export in ein zentrales Dashboard, statistische Vergleiche über die Zeit und PR-getriggerte Messungen."}
{"prompt": "Was macht Eco-CI bei einem Pull Request?", "response": "Es triggert eine Messung und kann die Ergebnisse direkt am PR ausweisen."}
{"prompt": "Was ist Power Hog?", "response": "Ein Tool zur Messung der Entwicklungskosten - es misst Energie direkt auf der Entwicklermaschine."}
{"prompt": "Welche Granularität bietet Power Hog?", "response": "Granularität pro Prozess und Aggregation pro Projekt."}
{"prompt": "Welche Features hat Power Hog neben der Messung?", "response": "Eine API, Drill-Down im Dashboard und eine lokale Datenbank für schnelle Analysen."}
{"prompt": "Was ist das Ziel von Power Hog im Kontext Embodied Carbon?", "response": "Ressourcenhungrige Software zu finden, die einen Gerätewechsel auslösen würde."}
{"prompt": "Warum reduziert eine längere Gerätenutzung Emissionen?", "response": "Weil der Embodied Carbon pro Jahr sinkt, je länger das Gerät genutzt wird."}
{"prompt": "Mit welchem Siegel sind die Ziele von Power Hog abgestimmt?", "response": "Mit den Zielen des Blauen Engels für Software."}
{"prompt": "Was ist Cloud Energy?", "response": "Ein Tool zur Power-Schätzung für Cloud-Systeme und VMs."}
{"prompt": "Worauf basiert das Cloud-Energy-Modell?", "response": "Auf einem Forschungspapier von Interact DC und der University of East London."}
{"prompt": "Wie genau ist Cloud Energy?", "response": "Über 90 % Genauigkeit in-sample und out-of-sample."}
{"prompt": "Wie hoch ist der Overhead von Cloud Energy?", "response": "Nahezu 0 % - dank XGBoost und einer POSIX-Stream-Implementierung."}
{"prompt": "Wie nutzt man Cloud Energy auf der CLI?", "response": "Man gibt die CPU-Utilization hinein und erhält die genutzte Leistung als Ausgabe."}
{"prompt": "In welcher Sprache ist Cloud Energy geschrieben?", "response": "In Python 3 - mit einfachem Setup und guter Dokumentation."}
{"prompt": "Wo findet man Cloud Energy?", "response": "Unter https://github.com/green-coding-solutions/cloud-energy"}
{"prompt": "Was ist codecarbon.io?", "response": "Ein Python-Tool zur Energiemessung, RAPL-basiert und mit NVIDIA-GPU-Support - vorwiegend im KI-Bereich genutzt."}
{"prompt": "Was misst perf_events?", "response": "CPU, DRAM, GPU (onboard) und SMC - es liest RAPL-Energiedaten einfach aus."}
{"prompt": "Welche Ausgaben liefert perf_events?", "response": "CPU-Energie, Memory-Energie, Gesamtsystem-Energie und weitere."}
{"prompt": "Was ist der Vorteil von perf_events?", "response": "Es ist ein One-Liner-CLI-Tool mit sehr geringem Aufwand."}
{"prompt": "Was ist JoularJX?", "response": "Ein Tool für Java, das sich direkt in die Runtime einhängt und Energie dynamisch auf Funktionsebene ausweist."}
{"prompt": "Welche Features bietet JoularJX?", "response": "Energie-Ausweisung auf Funktionsebene, Tracking über Zeit und Versionen und ein Dashboard on-board."}
{"prompt": "Was ist Kepler?", "response": "Eine Cloud-Native Cluster-Monitoring-Lösung, die Container-Energie via Prometheus exportiert."}
{"prompt": "Wo findet man Kepler?", "response": "Unter https://github.com/sustainable-computing-io/kepler"}
{"prompt": "Was ist Cloud Carbon Footprint?", "response": "Ein Tool zur Schätzung von IT-CO2-Emissionen auf Basis von Billing-Daten, wenn die Energie nicht direkt bekannt ist."}
{"prompt": "Welche Formel nutzt Cloud Carbon Footprint?", "response": "Average Watts = Min Watts + Avg vCPU Utilization * (Max Watts - Min Watts); DRAM und Festplatte über Koeffizienten."}
{"prompt": "Welche Nachteile hat Cloud Carbon Footprint?", "response": "Die meisten Cloud-nativen Services wie IAM, DynamoDB oder Logstash werden nicht abgedeckt, und es liefert nur die Gesamtsumme des Unternehmens."}
{"prompt": "Ist Cloud Carbon Footprint noch aktuell?", "response": "Nein, CCF ist veraltet und wurde durch die Open-Source-Alternative SPRUCE ersetzt."}
{"prompt": "Was ist websitecarbon.com?", "response": "Ein Tool, das den CO2-Fußabdruck einer Webseite schätzt - sehr visuell und einfach, aber auch sehr basal."}
{"prompt": "Was ist der Nachteil von Website-CO2-Rechnern?", "response": "Es gibt viele Rechner und sie liefern sehr unterschiedliche Werte."}
{"prompt": "Worauf basieren die meisten Website-CO2-Rechner?", "response": "Nur auf Netzwerk-Traffic, nicht auf Paketen; manche addieren Konstanten für Endgeräte-Bildschirmzeit oder Serverkosten."}
{"prompt": "Wofür eignet sich websitecarbon.com?", "response": "Gut, um zu kommunizieren dass man sich kümmert - weniger für Vergleiche oder Reporting."}
{"prompt": "Was ist webNRG?", "response": "Ein Tool, das die CO2-Emissionen von Front-Ends, APIs und Webseiten sichtbar macht."}
{"prompt": "Warum sind Front-Ends für den CO2-Fußabdruck relevant?", "response": "Netzwerkdaten und clientseitiges Rendering verursachen ebenfalls Emissionen, Front-Ends unterscheiden sich stark und sie sind nach außen sichtbar."}
{"prompt": "Wo kann man webNRG ausprobieren?", "response": "Unter https://website-tester.green-coding.io"}
{"prompt": "Was ist der Firefox Profiler?", "response": "Ein Tool für detaillierten Drilldown, um zu sehen, welche Seitenansicht Energie verbraucht."}
{"prompt": "Welche Nachteile hat der Firefox Profiler?", "response": "Er ist sehr detailliert und erfordert Debugging-Kenntnisse."}
{"prompt": "Auf welchen Plattformen bietet der Firefox Profiler Energiedaten?", "response": "Auf Windows 11 und macOS."}
{"prompt": "Was ist ML CO2 Impact?", "response": "Ein AI-Training-Calculator, um eine Größenordnung der Emissionen abzuschätzen - unter https://mlco2.github.io/impact/"}
{"prompt": "Was ist green-coding.ai?", "response": "Ein Angebot von Green Coding Solutions rund um die Nachhaltigkeit von KI, erreichbar unter https://www.green-coding.ai/"}
{"prompt": "Was ist PowerJoular?", "response": "Ein Open-Source-Tool, das einfach für eine erste Schätzung einzusetzen ist."}
{"prompt": "Was ist der Nachteil von PowerJoular?", "response": "Es unterscheidet nicht zwischen Workload-Typen und überschätzt konstant."}
{"prompt": "Warum ist CPU-basierte Schätzung bei Low-Power-Systemen problematisch?", "response": "Weil dort nicht die CPU, sondern Netzwerk oder Memory der relevantere Faktor sein können."}
{"prompt": "Welchen Vorteil haben restriktive Compute-Units für Energiemessungen?", "response": "Sie haben weniger dynamische Features und sind dadurch einfacher reproduzierbar."}
{"prompt": "Wie entwickelt man Energie-Kennlinien für restriktive Compute-Units?", "response": "Über statistische Verfahren mit Regressionen und Kalibrierung."}
{"prompt": "Unterscheiden sich Energie-Kennlinien je nach Workload?", "response": "Ja, Energie-Kennlinien unterscheiden sich deutlich je nach Workload-Typ."}
{"prompt": "Welche Fragen beantworten CLI-Energie-Tools?", "response": "Wie viel ein Code-Snippet, eine ML-Regression oder ein Algorithmus verbraucht, ob man memory- oder CPU-bound ist und ob man Probleme nur verschiebt."}
{"prompt": "Was bedeutet es, memory-bound statt CPU-bound zu sein?", "response": "Dass nicht die CPU, sondern der Speicherzugriff den Energieverbrauch dominiert - und damit das Optimierungsziel bestimmt."}
{"prompt": "Welche Hardware-Fragen kann man mit CLI-Tools untersuchen?", "response": "Ob man die CPU cappen, Daten in den Speicher vorladen, Netzwerkanfragen cachen, die GPU power-cappen oder höhere C-States nutzen kann."}
{"prompt": "Kann Power-Capping der GPU Energie sparen?", "response": "Ja - es erhöht die Laufzeit, kann aber unterm Strich Energie sparen."}
{"prompt": "Was ist die Green Software Foundation?", "response": "Eine in UK gegründete NGO mit dem Ziel, die CO2-Emissionen von Software zu reduzieren."}
{"prompt": "Was ist das Hauptarbeitsgebiet der Green Software Foundation?", "response": "Standardisierung und Referenz-Tools."}
{"prompt": "Welche Standards und Tools stammen von der GSF?", "response": "Der Software Carbon Intensity (ISO-Standard), das Carbon Aware SDK und SCER - das Software Carbon Efficiency Rating."}
{"prompt": "Wofür steht SCER?", "response": "Software Carbon Efficiency Rating."}
{"prompt": "Was bietet die GSF neben Standards?", "response": "Einen Newsletter zu Green Software News, Tools, Standards und Regulierung sowie Meetups."}
{"prompt": "Was ist die Awesome Software List der GSF?", "response": "Eine Sammlung von Tools für alle Anwendungsfälle - Messen, KI, Design, Architektur."}
{"prompt": "Welche Mess-Tools nennt die GSF Awesome Software List?", "response": "Scaphandre, das Green Metrics Tool und codeCarbon."}
{"prompt": "Welche Website-Testing-Tools nennt die GSF Awesome Software List?", "response": "websitecarbon.com und webNRG."}
{"prompt": "Welche AI-Tools nennt die GSF Awesome Software List?", "response": "EcoLogits, green-coding.ai und die Hugging Face AI Labels."}
{"prompt": "Wo findet man die GSF Awesome Software List?", "response": "Unter https://github.com/Green-Software-Foundation/awesome-green-software"}
{"prompt": "Was ist der Bundesverband Green Software?", "response": "Ein Verband aus und für Unternehmen, um Green Software in die Praxis zu bringen."}
{"prompt": "Was bietet der Bundesverband Green Software?", "response": "Hilfestellung durch Wissensaustausch und Online-Webinare, Messe-Arbeit und Konferenz-Sponsoring, Community-Meetups sowie White-Paper und Arbeitskreise."}
{"prompt": "Was ist Climate Action Tech?", "response": "Eine Slack-Community für Fragen und Hilfe rund um Green-Tech-Themen."}
{"prompt": "Welche Themen deckt die Climate-Action-Tech-Community ab?", "response": "Green Web, Green Software Development, Green Design und Community Building."}
{"prompt": "Was bietet Climate Action Tech neben Slack?", "response": "Online-Workshops, die CAT-Talks-Vortragsreihe und einen Newsletter mit Nachrichten, Podcasts, Jobs und Community News."}
{"prompt": "Was ist ecoCompute?", "response": "Eine Konferenz von Green Coding Solutions zum Kennenlernen der Community."}
{"prompt": "Wann und wo fand bzw. findet ecoCompute statt?", "response": "April 2024 in München, November 2025 in Berlin und Q2 2027 in Berlin/Frankfurt."}
{"prompt": "Was ist Green IO?", "response": "Eine internationale Konferenzreihe rund um digitale Nachhaltigkeit."}
{"prompt": "An welchen Orten findet Green IO 2026 statt?", "response": "Singapur (April), New York (Mai), Amsterdam (Juni), München (Juli), London (September) und Paris (Dezember)."}
{"prompt": "Wer steht hinter der Green-IO-Konferenz?", "response": "Gael Duez."}
{"prompt": "Was ist das Ziel der Green Web Foundation?", "response": "Den Übergang zu einem fossilfreien Internet zu verfolgen und zu beschleunigen."}
{"prompt": "Was bietet die Green Web Foundation an?", "response": "Datasets und eine API für grünes Hosting."}
{"prompt": "Womit beschäftigt sich die Green Web Foundation außerdem?", "response": "Mit Klimagerechtigkeit - über ihren Blog und das Magazin Branch."}
{"prompt": "Wer ist Chris Adams?", "response": "Green Software Advocate bei der Green Web Foundation und Chairman der Green Software Foundation."}
{"prompt": "Was passierte 2019 in der Green-Coding-Timeline?", "response": "Der Peak von Fridays for Future und Greta Thunbergs Rede bei der UN."}
{"prompt": "Was sagten Microsoft, AWS und Google 2020 zu?", "response": "Sie versprachen, bis 2030 CO2-neutral zu sein."}
{"prompt": "Welche Rolle spielte COVID-19 in der Timeline?", "response": "2020-2022 führten reduzierte Flüge und Reisen zu Emissionsminderungen - Reduktion schien möglich."}
{"prompt": "Was passierte 2021 in Deutschland?", "response": "Die Ampelkoalition nahm Nachhaltigkeit ins Regierungsprogramm auf."}
{"prompt": "Welche Ereignisse 2022 wirkten negativ auf Green Coding?", "response": "Der Ukrainekrieg mit der Energiekrise und die Veröffentlichung von ChatGPT mit dem folgenden KI-Hype."}
{"prompt": "Wann begann der KI-Infrastruktur-Boom?", "response": "2024."}
{"prompt": "Was passierte 2025 in den USA?", "response": "Trump wurde Präsident - mit Investitionen in fossile Energie und dem Stopp von Wind- und Solarprojekten."}
{"prompt": "Was geschah 2025 mit der CSRD?", "response": "Sie wurde durch die Omnibus-Initiative verwässert - weniger Transparenz und Reportingpflicht für Unternehmen."}
{"prompt": "Was machte Google 2025 mit seinen Klimazielen?", "response": "Google entfernte die Carbon-Neutral-Ziele für 2030 aus der Kommunikation."}
{"prompt": "Welche Hyperscaler verfehlten 2025 ihre Ziele?", "response": "Microsoft, AWS und Google verfehlten alle ihre Ziele für 2025 wegen des KI-Ausbaus."}
{"prompt": "Welches positive Ereignis nennt die Timeline für 2026?", "response": "Die OECD-Studie zu Responsible Software, inklusive Green Software."}
{"prompt": "Welches Ereignis 2026 führte zu einer Energiekrise?", "response": "Der Iran-Krieg."}
{"prompt": "Wer ist Arne Tarara?", "response": "CEO und Gründer der Green Coding Solutions GmbH in Deutschland."}
{"prompt": "Worauf ist Green Coding Solutions spezialisiert?", "response": "Auf die Reduzierung von CO2-Emissionen in der Softwareentwicklung - in Forschung, Messung, Tools, Infrastruktur und Beratung."}
{"prompt": "Sind die Tools von Green Coding Solutions Open Source?", "response": "Ja, alle Tools sind FOSS und frei verfügbar."}
{"prompt": "Wo findet man die Website von Green Coding Solutions?", "response": "Unter https://www.green-coding.io"}
{"prompt": "Wo findet man das Open-Data-Repository von Green Coding Solutions?", "response": "Unter https://metrics.green-coding.io"}
{"prompt": "Wo findet man die Case Studies von Green Coding Solutions?", "response": "Unter https://www.green-coding.io/case-studies"}
{"prompt": "Gibt es eine Meetup-Gruppe von Green Coding Solutions?", "response": "Ja, in Berlin und remote unter https://www.meetup.com/green-coding"}
{"prompt": "Wie erreicht man Green Coding Solutions per Mail?", "response": "Unter info@green-coding.io"}
{"prompt": "Was vermittelt der Knowledge Workshop?", "response": "Hintergrundwissen zu CO2-Emissionen digitaler Infrastruktur, Methoden und Techniken des Green Coding, Potentiale und Case-Studies, Rebound-Effekte sowie Mess-Methoden und Tools."}
{"prompt": "Welche Attributionsthemen behandelt der Knowledge Workshop?", "response": "SCI und das GHG Protocol."}
{"prompt": "Welche Effizienzthemen behandelt der Knowledge Workshop?", "response": "Power Capping, Vectorization, Boosting, SMT und Compute-Memory-Trade-Offs."}
{"prompt": "Welche Architekturthemen behandelt der Knowledge Workshop?", "response": "Dynamic Scaling, Batching und Duplicate Detection."}
{"prompt": "Welche Carbon-Awareness-Themen behandelt der Knowledge Workshop?", "response": "Time Shifting und Load Shifting."}
{"prompt": "Welche Tools behandelt der DevOps Workshop für das Backend?", "response": "CodeCarbon, Scaphandre, das Green Metrics Tool und perf."}
{"prompt": "Welches Beispiel nutzt der DevOps Workshop für Netto-Nutzen-Analysen?", "response": "Kompression versus Netzwerktransfer."}
{"prompt": "Welche Infrastrukturen behandelt der DevOps Workshop?", "response": "Container-Infrastrukturen sowie k3s- und systemd-Infrastrukturen."}
{"prompt": "Was behandelt der Measurement Workshop für das Frontend?", "response": "Die Network-Attribution-Methode inklusive Alternativkonzepten, Hands-On Webseiten-Profiling, Tool-Vergleiche und Labels für Frontend-Komponenten."}
{"prompt": "Was behandelt der Measurement Workshop für CI/CD?", "response": "Hands-On mit dem ML-Modell Cloud Energy, die Integration von Eco CI in die Pipeline und das Aufsetzen des Dashboards."}
{"prompt": "Was behandelt der Sustainable AI Workshop?", "response": "Nachhaltigkeitsdimensionen von KI-Modellen, LCA-Stages, Messung von Energie und CO2, automatisierte Mess-Strecken, aktuelle AI-Labels und Optimierungstechniken."}
{"prompt": "Welche Optimierungstechniken behandelt der Sustainable AI Workshop?", "response": "Pruning, Quantization und Pre-Selection von Modellen."}
